<?xml version="1.0" encoding="UTF-8"?>
<component name="feedly_topics" type="synapse/template">
    <subComponents>
        <component name="addTopic">
            <file>addTopic.xml</file>
            <description>Add a topic to the user feedly account.</description>
        </component>
        <component name="getListTopics">
            <file>getListTopics.xml</file>
            <description>List of topics the user has added to their feedly.</description>
        </component>
        <component name="removeTopic">
            <file>removeTopic.xml</file>
            <description>Remove a topic from a feedly account.</description>
        </component>
        <component name="updateTopic">
        <file>updateTopic.xml</file>
        <description>Update an existing topic.</description>
        </component>
    </subComponents>
</component>