<?xml version="1.0" encoding="UTF-8"?>
<component name="feedly_entry" type="synapse/template">
    <subComponents>
        <component name="getContent">
            <file>getContent.xml</file>
            <description>List the contents for an entry.</description>
        </component>
        <component name="getDynamicEntry">
            <file>getDynamicEntry.xml</file>
            <description>List the contents for a dynamic list of entries.</description>
        </component>
        <component name="createTagEntry">
            <file>createTagEntry.xml</file>
            <description>Create and tag an entry</description>
        </component>
    </subComponents>
</component>