<template name="authenticateUser" xmlns="http://ws.apache.org/ns/synapse">
    <parameter name="response_type" description="Indicates the type of token requested." />
    <parameter name="client_id" description="Client that is making the request." />
    <parameter name="redirect_uri" description="Determines where the response is sent." />
    <parameter name="scope" description="Scope of subscription." />

    <sequence>
        <property name="uri.var.response_type" expression="$func:response_type" />
        <property name="uri.var.client_id" expression="$func:client_id" />
        <property name="uri.var.redirect_uri" expression="$func:redirect_uri" />
        <property name="uri.var.scope" expression="$func:scope" />

        <filter
                xpath="get-property('uri.var.response_type') = '' or  (not(string(get-property('uri.var.response_type'))))">
            <then>
                <property name="uri.var.response_type" value="code" />
            </then>
        </filter>

        <filter
                xpath="get-property('uri.var.client_id') = '' or  (not(string(get-property('uri.var.client_id'))))">
            <then>
                <property name="uri.var.client_id" value="feedly" />
            </then>
        </filter>

        <filter
                xpath="get-property('uri.var.redirect_uri') = '' or  (not(string(get-property('uri.var.redirect_uri'))))">
            <then>
                <property name="uri.var.redirect_uri" value="https://cloud.feedly.com/feedly.html" />
            </then>
        </filter>

        <filter
                xpath="get-property('uri.var.scope') = '' or  (not(string(get-property('uri.var.scope'))))">
            <then>
                <property name="uri.var.scope" value="https://cloud.feedly.com/subscriptions" />
            </then>
        </filter>

        <header name="Content-Type" value="application/json"
                scope="transport" />
        <property name="messageType" value="application/json"
                  scope="axis2" />
        <payloadFactory media-type="json">
            <format>
                {
                    "response_type" : "code" ,
                    "client_id" : "feedly" ,
                    "redirect_uri" : "https://cloud.feedly.com/feedly.html" ,
                    "scope" : "https://cloud.feedly.com/subscriptions"
                }
            </format>
            <args>
                <arg expression="get-property('uri.var.response_type')" />
                <arg expression="get-property('uri.var.client_id')" />
                <arg expression="get-property('uri.var.redirect_uri')" />
                <arg expression="get-property('uri.var.scope')" />
            </args>
        </payloadFactory>

        <call>
            <endpoint>
                <http method="get"
                      uri-template="https://cloud.feedly.com/v3/auth/auth" />
            </endpoint>
        </call>
    </sequence>
</template>