<?xml version="1.0" encoding="UTF-8"?>
<component name="feedly_authentication" type="synapse/template">
    <subComponents>
        <component name="authenticateUser">
            <file>authenticateUser.xml</file>
            <description>Authenticating a user and obtaining a code.</description>
        </component>
        <component name="exchangeCode">
            <file>exchangeCode.xml</file>
            <description>Exchanging a code for a refresh token and an access token.</description>
        </component>
        <component name="reinvokeRefreshToken">
            <file>reinvokeRefreshToken.xml</file>
            <description>Using a refresh token.</description>
        </component>
        <component name="useRefreshToken">
            <file>useRefreshToken.xml</file>
            <description>Revoking a refresh token.</description>
        </component>
    </subComponents>
</component>