<?xml version="1.0" encoding="UTF-8"?>
<connector>
    <component name="Feedly" package="org.wso2.carbon.connector" >
        <dependency component="helloWorld"/>
        <dependency component="feedly_authentication"/>
        <dependency component="feedly_categories"/>
        <dependency component="feedly_entry"/>
        <dependency component="feedly_config"/>
        <dependency component="feedly_feeds"/>
        <dependency component="feedly_markers"/>
        <dependency component="feedly_opml"/>
        <dependency component="feedly_preferences"/>
        <dependency component="feedly_profile"/>
        <dependency component="feedly_search"/>
        <dependency component="feedly_stream"/>
        <dependency component="feedly_subscription"/>
        <dependency component="feedly_tags"/>
        <dependency component="feedly_topics"/>
        <description>Feedly API V3 connector</description>
    </component>
</connector>
