<?xml version="1.0" encoding="UTF-8"?>
<component name="feedly_profile" type="synapse/template">
    <subComponents>
        <component name="getProfile">
            <file>getProfile.xml</file>
            <description>List the basic information about the user's profile.</description>
        </component>
        <component name="updateProfile">
            <file>updateProfile.xml</file>
            <description>Update the profile of the user.</description>
        </component>
    </subComponents>
</component>